id,FirstName,LastName,Email,Team,Department,JoinDate,IsCaptain
7,Feodor,Adolf,fadolf6@arstechnica.com,Finance,Back-office,2/4/2012,FALSE
9,Jacinthe,O' Bee,jobee8@ifeng.com,Marketing,Back-office,6/14/2022,FALSE
20,Hortensia,Eich,heichj@springer.com,Support,Back-office,3/19/2011,FALSE
21,Amie,Busson,abussonk@usgs.gov,HR,Back-office,2/4/2015,FALSE
23,Corrinne,Wiltshire,cwiltshirem@youtu.be,Legal,Back-office,4/18/2006,FALSE
28,Miof mela,Aguirrezabala,maguirrezabalar@odnoklassniki.ru,Marketing,Back-office,10/21/2021,FALSE
32,Thoma,Josefer,tjoseferv@ezinearticles.com,Marketing,Back-office,10/7/2010,TRUE
38,Allegra,Wickham,awickham11@technorati.com,Legal,Back-office,5/2/2007,FALSE
39,Roxi,Debill,rdebill12@addthis.com,HR,Back-office,11/21/2009,FALSE
48,Maren,Tolcharde,mtolcharde1b@google.com,Support,Back-office,8/29/2007,FALSE
75,Maurice,Sycamore,msycamore22@ycombinator.com,Finance,Back-office,7/23/2009,TRUE
78,Daile,Cornbill,dcornbill25@seesaa.net,Legal,Back-office,2/9/2006,FALSE
84,Kelsey,Shawel,kshawel2b@spotify.com,Marketing,Back-office,9/21/2015,FALSE
85,Rozamond,Egiloff,regiloff2c@angelfire.com,Finance,Back-office,9/20/2017,FALSE
89,Etty,Lacheze,elacheze2g@gov.uk,Finance,Back-office,1/5/2018,FALSE
96,Alecia,Baitson,abaitson2n@squarespace.com,Finance,Back-office,10/7/2018,FALSE
98,Myrilla,Kettoe,mkettoe2p@imageshack.us,HR,Back-office,8/26/2021,FALSE
100,Georgia,Arden,garden2r@gov.uk,Legal,Back-office,5/23/2010,FALSE
106,Aidan,Large,alarge2x@msu.edu,HR,Back-office,6/11/2017,FALSE
107,Pammy,Haliday,phaliday2y@skyrock.com,Legal,Back-office,10/15/2015,FALSE
112,Gleda,Rojel,grojel33@ucoz.ru,Finance,Back-office,1/4/2020,FALSE
129,Kevan,Worvell,kworvell3k@histats.com,Legal,Back-office,8/18/2020,FALSE
139,Emera,Bloxsum,ebloxsum3u@cafepress.com,Marketing,Back-office,10/10/2015,FALSE
141,Corette,Berrigan,cberrigan3w@google.co.uk,HR,Back-office,3/27/2010,FALSE
150,Evyn,Vasiljevic,evasiljevic45@list-manage.com,Support,Back-office,2/27/2009,FALSE
152,Darelle,Melbert,dmelbert47@craigslist.org,Marketing,Back-office,4/1/2014,FALSE
171,Marc,Daintree,mdaintree4q@house.gov,Marketing,Back-office,4/5/2012,FALSE
181,Cullen,Cracknell,ccracknell50@stumbleupon.com,HR,Back-office,4/9/2006,FALSE
190,Dorene,Kermit,dkermit59@dion.ne.jp,Legal,Back-office,7/6/2020,FALSE
195,Dianemarie,Everit,deverit5e@wp.com,Support,Back-office,5/8/2014,FALSE
197,Kirstin,Joy,kjoy5g@cnn.com,Finance,Back-office,12/23/2021,FALSE
204,Hunter,Fullegar,hfullegar5n@quantcast.com,Legal,Back-office,11/4/2014,FALSE
206,Irv,Gadsdon,igadsdon5p@parallels.com,Finance,Back-office,3/5/2013,FALSE
210,Florance,Duplan,fduplan5t@dailymail.co.uk,Legal,Back-office,12/27/2010,FALSE
217,Natty,Dahlbom,ndahlbom60@state.gov,Legal,Back-office,9/16/2017,FALSE
221,Nydia,Gildroy,ngildroy64@taobao.com,HR,Back-office,10/5/2007,FALSE
222,Alidia,Pitsall,apitsall65@photobucket.com,Legal,Back-office,7/18/2016,FALSE
232,Dale,Cropper,dcropper6f@mozilla.com,Finance,Back-office,5/16/2011,FALSE
235,Danyette,Lanphere,dlanphere6i@squarespace.com,HR,Back-office,5/2/2017,FALSE
247,Kendricks,Gavan,kgavan6u@wikispaces.com,Legal,Back-office,11/16/2017,FALSE
250,Kassie,Joselevitz,kjoselevitz6x@prweb.com,Support,Back-office,8/31/2012,FALSE
263,Whitman,Flello,wflello7a@whitehouse.gov,HR,Back-office,10/1/2011,FALSE
264,Cherilynn,Riseley,criseley7b@purevolume.com,Legal,Back-office,12/27/2021,FALSE
277,Estrellita,Cubberley,ecubberley7o@stumbleupon.com,HR,Back-office,12/27/2013,FALSE
298,Miranda,Porteous,mporteous89@hhs.gov,Legal,Back-office,8/3/2009,TRUE
299,Clywd,Snel,csnel8a@cnn.com,Marketing,Back-office,2/3/2009,FALSE
302,Katuscha,Gooley,kgooley8d@weather.com,Support,Back-office,3/7/2012,TRUE
310,Alison,Benwell,abenwell8l@reference.com,Marketing,Back-office,2/20/2014,FALSE
319,Marilee,Beringer,mberinger8u@rediff.com,Marketing,Back-office,4/24/2019,FALSE
329,Lion,Cobbold,lcobbold94@ucla.edu,Finance,Back-office,8/6/2021,FALSE
334,Chrysa,Chalfant,cchalfant99@nymag.com,Legal,Back-office,9/16/2006,TRUE
340,Lanie,Jobey,ljobey9f@wired.com,Legal,Back-office,3/8/2014,FALSE
344,Ruthy,Ivatt,rivatt9j@psu.edu,Marketing,Back-office,2/27/2022,FALSE
349,Gertruda,Hamerton,ghamerton9o@google.com.hk,Marketing,Back-office,8/10/2013,FALSE
350,Renata,Halhead,rhalhead9p@ucoz.com,Support,Back-office,6/27/2006,FALSE
353,Diena,Bednell,dbednell9s@indiegogo.com,Legal,Back-office,1/18/2017,FALSE
359,Ansell,Knifton,aknifton9y@sun.com,HR,Back-office,1/14/2011,TRUE
360,Paolina,Eldridge,peldridge9z@acquirethisname.com,Finance,Back-office,10/12/2013,FALSE
361,Peggie,Pritchard,ppritcharda0@princeton.edu,Finance,Back-office,6/8/2015,FALSE
365,Alikee,MacGillacolm,amacgillacolma4@artisteer.com,Legal,Back-office,9/26/2013,FALSE
366,Lissa,Favel,lfavela5@whitehouse.gov,Finance,Back-office,1/2/2013,FALSE
370,Mannie,Zaczek,mzaczeka9@merriam-webster.com,Legal,Back-office,12/3/2007,FALSE
372,Anthe,Penvarden,apenvardenab@who.int,Legal,Back-office,6/13/2020,FALSE
374,Ermina,Wisam,ewisamad@over-blog.com,Support,Back-office,4/9/2020,FALSE
380,Dina,Joselovitch,djoselovitchaj@prnewswire.com,HR,Back-office,1/23/2014,FALSE
383,Annadiana,Gleeton,agleetonam@ucla.edu,Legal,Back-office,12/3/2018,FALSE
389,Kirbee,Rose,kroseas@microsoft.com,Legal,Back-office,11/9/2014,FALSE
394,Rodolfo,Lyall,rlyallax@economist.com,Finance,Back-office,11/3/2010,FALSE
405,Josiah,Joust,jjoustb8@wikipedia.org,Legal,Back-office,8/28/2017,FALSE
411,Sheffield,Kenner,skennerbe@sfgate.com,Support,Back-office,11/15/2006,TRUE
414,Hank,Whorf,hwhorfbh@hp.com,Support,Back-office,9/14/2021,FALSE
418,Laurice,Annell,lannellbl@fda.gov,Finance,Back-office,8/27/2021,TRUE
421,Elden,Lotte,elottebo@guardian.co.uk,HR,Back-office,3/12/2006,FALSE
446,Martita,Padginton,mpadgintoncd@quantcast.com,HR,Back-office,4/7/2022,FALSE
448,Benoit,Davids,bdavidscf@imageshack.us,Marketing,Back-office,3/30/2007,FALSE
449,Allyn,Figin,afigincg@ucoz.com,Finance,Back-office,6/11/2006,FALSE
454,Hercules,Rosewell,hrosewellcl@seesaa.net,Marketing,Back-office,11/7/2013,FALSE
457,Milton,Trase,mtraseco@newyorker.com,Support,Back-office,5/16/2006,FALSE
469,Winny,Orwin,worwind0@nih.gov,Legal,Back-office,5/21/2007,FALSE
483,Roi,Kubista,rkubistade@indiatimes.com,HR,Back-office,8/8/2007,FALSE
487,Judie,Petrushka,jpetrushkadi@nih.gov,Legal,Back-office,1/10/2014,TRUE
496,Mac,Stainbridge,mstainbridgedr@wordpress.org,HR,Back-office,6/30/2009,FALSE
1,Sapphire,Attwell,sattwell0@eventbrite.com,API B,Dev,5/13/2020,FALSE
3,Frank,Hubbard,fhubbard2@bluehost.com,Front-end A,Dev,10/31/2012,FALSE
5,Barbee,Abrashkov,babrashkov4@cnn.com,API B,Dev,10/12/2009,FALSE
6,Carina,Quakley,cquakley5@ft.com,Windows B,Dev,7/23/2017,FALSE
10,Kelci,Filtness,kfiltness9@cdc.gov,Windows B,Dev,9/4/2008,FALSE
11,Madelene,Muddimer,mmuddimera@webeden.co.uk,CRUD A,Dev,1/26/2020,FALSE
12,Haleigh,Nealy,hnealyb@ibm.com,Mobile B,Dev,11/2/2007,FALSE
13,Saw,McGillivray,smcgillivrayc@amazon.co.jp,API B,Dev,11/23/2011,FALSE
18,Saul,Mayho,smayhoh@thetimes.co.uk,Back-end B,Dev,4/30/2014,FALSE
22,Gabie,Teulier,gteulierl@cbc.ca,CRUD B,Dev,1/12/2007,FALSE
24,Desiri,Batram,dbatramn@time.com,CRUD A,Dev,11/26/2015,FALSE
25,Chrystal,Crossland,ccrosslando@japanpost.jp,Mobile A,Dev,7/15/2017,FALSE
33,Arni,Milmore,amilmorew@lycos.com,Back-end A,Dev,6/21/2018,FALSE
34,Kitti,Soar,ksoarx@ucsd.edu,Windows A,Dev,10/11/2019,FALSE
35,Seward,Tunnick,stunnicky@comcast.net,Back-end A,Dev,12/15/2014,FALSE
40,Giacinta,Tincknell,gtincknell13@360.cn,Mobile B,Dev,5/4/2010,FALSE
41,Mar,Balasin,mbalasin14@nationalgeographic.com,Windows B,Dev,7/9/2021,FALSE
42,Frasquito,Gammill,fgammill15@ihg.com,Windows A,Dev,11/26/2011,TRUE
44,Rita,Delia,rdelia17@unc.edu,Back-end B,Dev,2/17/2017,FALSE
47,Merrile,Bizzey,mbizzey1a@feedburner.com,Mobile B,Dev,3/31/2022,FALSE
55,Antony,Shugg,ashugg1i@naver.com,Front-end B,Dev,7/16/2015,FALSE
56,Christiane,Cordell,ccordell1j@harvard.edu,CRUD A,Dev,3/1/2011,FALSE
57,Felice,McKevin,fmckevin1k@forbes.com,Linux B,Dev,8/4/2010,FALSE
62,Nancey,Pirdue,npirdue1p@china.com.cn,CRUD B,Dev,3/9/2020,FALSE
65,Rhett,Spadaro,rspadaro1s@irs.gov,Front-end B,Dev,3/17/2006,FALSE
66,Vale,Labb,vlabb1t@un.org,Mobile B,Dev,12/3/2013,FALSE
67,Far,Billows,fbillows1u@disqus.com,Back-end B,Dev,6/20/2008,FALSE
70,Nickollas,Lapides,plapides1x@deviantart.com,API B,Dev,8/4/2009,FALSE
72,Kylie,Laurant,klaurant1z@wikipedia.org,Mobile A,Dev,4/18/2015,FALSE
73,Gorden,Nickolson,glorriman20@rediff.com,Linux B,Dev,5/11/2021,FALSE
74,Barthel,Vasyanin,bvasyanin21@umn.edu,Mobile A,Dev,1/27/2006,FALSE
80,Vanicks,Bullin,rbullin27@hatena.ne.jp,Mobile A,Dev,5/5/2016,FALSE
82,Joli,Shead,jshead29@wsj.com,CRUD A,Dev,10/2/2020,FALSE
86,Halli,Winmill,hwinmill2d@fc2.com,Mobile A,Dev,9/8/2007,FALSE
88,Rutledge,Vanick,rdybell2f@techcrunch.com,Linux A,Dev,3/29/2012,FALSE
92,Gilly,Barbie,gbarbie2j@google.nl,Mobile B,Dev,4/12/2006,FALSE
93,Cos,Savage,csavage2k@slate.com,API A,Dev,7/7/2011,FALSE
95,Halsy,Florence,hflorence2m@indiegogo.com,API A,Dev,2/13/2007,FALSE
97,Dillie,Formilli,dformilli2o@ihg.com,Windows B,Dev,9/25/2010,FALSE
99,Lucinda,Mowsdale,lmowsdale2q@storify.com,CRUD B,Dev,10/31/2021,FALSE
108,Hamlen,Navein,hnavein2z@wisc.edu,Linux A,Dev,12/17/2020,FALSE
109,Wendy,Ferrarese,wferrarese30@cnbc.com,API A,Dev,10/6/2018,FALSE
110,Darrelle,McIlmorie,dmcilmorie31@nba.com,CRUD A,Dev,9/18/2015,FALSE
115,Valentia,Cromer,vcromer36@pcworld.com,Front-end B,Dev,4/27/2020,FALSE
121,Trent,Tomovic,ttomovic3c@4shared.com,Back-end A,Dev,4/24/2007,FALSE
125,Alexis,Josskowitz,ajosskowitz3g@utexas.edu,CRUD B,Dev,12/11/2019,FALSE
127,Juliette,Bouchard,jbouchard3i@disqus.com,Windows A,Dev,12/22/2007,FALSE
128,Tilly,Panton,tpanton3j@ning.com,Front-end A,Dev,4/4/2016,FALSE
131,Godfrey,Guerreiro,gguerreiro3m@bravesites.com,Linux A,Dev,1/20/2021,FALSE
132,Esme,Shugg,eshugg3n@mayoclinic.com,Mobile B,Dev,10/24/2017,FALSE
134,Kyle,Lindner,klindner3p@eepurl.com,Mobile A,Dev,4/27/2010,FALSE
137,Godwin,Farish,gfarish3s@wiley.com,CRUD A,Dev,9/26/2015,FALSE
138,Gilberto,Limeburn,glimeburn3t@virginia.edu,Mobile A,Dev,11/14/2008,FALSE
146,Dorice,Points,dpoints41@ca.gov,API B,Dev,6/15/2018,FALSE
148,Mohandas,Paddick,mpaddick43@yahoo.co.jp,Mobile B,Dev,5/26/2015,TRUE
149,Margaret,Hutchinson,mhutchinson44@mysql.com,Mobile A,Dev,3/30/2022,FALSE
151,Noelani,McQuilliam,nmcquilliam46@tinypic.com,Front-end B,Dev,11/28/2016,FALSE
155,Artair,Burgum,aburgum4a@trellian.com,Front-end B,Dev,8/18/2011,FALSE
158,Thedric,MacCafferty,tmaccafferty4d@auda.org.au,Linux A,Dev,12/2/2012,FALSE
164,Ewart,Proctor,eproctor4j@wsj.com,API B,Dev,5/16/2011,FALSE
167,Constantina,De La Cote,cdelacote4m@digg.com,Front-end A,Dev,5/29/2018,FALSE
168,Isak,Bateson,ibateson4n@ucoz.com,Mobile A,Dev,4/19/2013,FALSE
173,De,Rhoddie,drhoddie4s@csmonitor.com,Windows A,Dev,5/17/2021,FALSE
177,Kendell,Rainy,krainy4w@4shared.com,API A,Dev,6/8/2016,FALSE
180,Hans,Ivanyushin,hivanyushin4z@mozilla.org,Windows B,Dev,1/27/2019,FALSE
185,Stephine,Bradick,sbradick54@home.pl,Back-end B,Dev,7/11/2009,FALSE
187,Timmie,Van T'Hoog,tvanthoog56@google.fr,API B,Dev,2/27/2006,FALSE
189,Audrey,Hobble,ahobble58@live.com,Windows B,Dev,4/5/2010,FALSE
192,Giovanni,Lage,glage5b@hc360.com,CRUD B,Dev,3/21/2021,FALSE
193,Conchita,Overell,coverell5c@mtv.com,Windows B,Dev,1/16/2018,FALSE
198,Nealon,O' Mahony,nomahony5h@netscape.com,Back-end B,Dev,10/11/2012,FALSE
199,Lind,Safhill,lsafhill5i@typepad.com,API B,Dev,3/25/2020,FALSE
202,Catlin,Josefowicz,cjosefowicz5l@a8.net,API A,Dev,1/21/2012,FALSE
205,Nada,Balloch,nballoch5o@weibo.com,CRUD A,Dev,5/29/2017,FALSE
208,Sal,Wetter,swetter5r@wordpress.com,Back-end A,Dev,2/15/2014,TRUE
218,Kiele,Gossop,kgossop61@moonfruit.com,Mobile B,Dev,8/17/2010,FALSE
220,Alex,Jacobsen,ajacobsen63@miitbeian.gov.cn,Linux A,Dev,9/18/2020,FALSE
224,Luci,Wones,lwones67@typepad.com,Linux A,Dev,9/21/2009,FALSE
228,Shawnee,Gainsboro,sgainsboro6b@example.com,API A,Dev,9/21/2019,FALSE
233,Alisun,Orrock,aorrock6g@cbslocal.com,Back-end B,Dev,3/25/2006,FALSE
234,Chaim,Ughetti,cughetti6h@yandex.ru,Mobile B,Dev,12/31/2006,TRUE
236,El,Pestor,epestor6j@java.com,Back-end A,Dev,1/11/2007,FALSE
238,Gretal,Robbe,grobbe6l@typepad.com,API B,Dev,12/30/2009,FALSE
241,Titos,Mayer,tmayer6o@yandex.ru,Linux A,Dev,12/4/2009,FALSE
242,Ivie,Jordison,ijordison6p@ucsd.edu,API A,Dev,6/17/2010,FALSE
248,Aleda,Jamblin,ajamblin6v@mashable.com,CRUD B,Dev,9/22/2019,FALSE
249,Thorstein,Tink,ttink6w@yandex.ru,API A,Dev,2/27/2013,FALSE
251,Alexandro,Rikard,arikard6y@abc.net.au,API A,Dev,3/12/2010,FALSE
253,Ettore,Mullen,emullen70@163.com,Back-end A,Dev,6/18/2011,FALSE
254,Allianora,Haddacks,ahaddacks71@nyu.edu,CRUD B,Dev,6/18/2015,FALSE
255,Christal,Lismer,clismer72@blog.com,API A,Dev,3/15/2016,FALSE
256,Yale,Baalham,ybaalham73@netvibes.com,Windows A,Dev,2/15/2012,FALSE
257,Ronnie,Urwin,rurwin74@fema.gov,CRUD B,Dev,8/26/2009,FALSE
260,Salvatore,Vallis,svallis77@independent.co.uk,CRUD A,Dev,9/10/2019,FALSE
267,Duffy,Josupeit,djosupeit7e@e-recht24.de,CRUD B,Dev,1/30/2013,FALSE
268,Linet,Broggelli,lbroggelli7f@unblog.fr,Back-end B,Dev,6/21/2013,FALSE
269,Nola,Ricciardi,nricciardi7g@sogou.com,Back-end B,Dev,12/12/2015,FALSE
275,Abdul,Petto,apetto7m@smh.com.au,Windows B,Dev,12/3/2011,FALSE
278,Lezlie,Paulon,lpaulon7p@issuu.com,Linux A,Dev,3/24/2022,FALSE
280,Tracee,Idiens,tidiens7r@skyrock.com,Mobile B,Dev,11/23/2020,FALSE
290,Aron,Bracci,abracci81@taobao.com,Windows B,Dev,7/31/2020,FALSE
291,Iorgos,Laffling,ilaffling82@tumblr.com,CRUD B,Dev,2/24/2018,FALSE
292,Britte,Drinkhill,bdrinkhill83@dagondesign.com,Front-end A,Dev,4/23/2011,FALSE
294,Amalie,Loseke,aloseke85@vkontakte.ru,Linux B,Dev,8/30/2009,FALSE
301,Benetta,Farlam,bfarlam8c@angelfire.com,Mobile A,Dev,3/24/2007,FALSE
305,Ines,Quenell,iquenell8g@timesonline.co.uk,Back-end A,Dev,6/14/2015,FALSE
306,Nev,Cleobury,ncleobury8h@facebook.com,API B,Dev,5/22/2014,FALSE
307,Rakel,Shillaker,rshillaker8i@webeden.co.uk,Windows A,Dev,8/4/2018,FALSE
311,Aristotle,O' Connell,aoconnell8m@amazon.co.jp,Front-end A,Dev,12/24/2014,FALSE
316,Lock,Paragreen,lparagreen8r@latimes.com,API A,Dev,1/5/2012,TRUE
317,Mavra,Spaice,mspaice8s@posterous.com,Mobile B,Dev,2/28/2006,FALSE
318,Alfy,Tewelson,atewelson8t@google.es,Back-end B,Dev,8/29/2021,FALSE
320,Frasco,Warry,fwarry8v@yelp.com,Front-end A,Dev,3/18/2006,FALSE
322,Nissie,Kuhndel,nkuhndel8x@t.co,Mobile B,Dev,10/1/2015,FALSE
323,Ulrike,Stobie,ustobie8y@aol.com,Back-end B,Dev,10/25/2016,FALSE
324,Benton,Leicester,bleicester8z@unc.edu,CRUD B,Dev,12/12/2016,FALSE
325,Anette,Mackneis,amackneis90@vkontakte.ru,Mobile A,Dev,10/16/2018,FALSE
326,Bart,Standbridge,bstandbridge91@businessweek.com,CRUD A,Dev,8/23/2011,FALSE
330,Jordan,Ogelbe,jogelbe95@irs.gov,API A,Dev,2/15/2014,FALSE
335,Bride,Artrick,bartrick9a@skyrock.com,Windows B,Dev,1/28/2020,FALSE
336,Feliks,Stitt,fstitt9b@discovery.com,CRUD A,Dev,2/22/2009,FALSE
338,Verla,Shalloe,vshalloe9d@slideshare.net,Windows B,Dev,11/6/2015,FALSE
339,Costa,Richardsson,crichardsson9e@europa.eu,Mobile A,Dev,12/19/2010,FALSE
345,Sharleen,Gerrie,sgerrie9k@wufoo.com,Linux B,Dev,10/7/2006,TRUE
346,Elvis,De La Haye,edelahaye9l@artisteer.com,Windows A,Dev,10/16/2011,TRUE
347,Stephenie,Romeril,sromeril9m@cafepress.com,API B,Dev,2/17/2007,FALSE
352,Chuck,Colecrough,ccolecrough9r@a8.net,API A,Dev,2/5/2007,FALSE
357,Kathye,Nelthropp,knelthropp9w@upenn.edu,Mobile B,Dev,9/17/2007,FALSE
363,Viviyan,Boribal,vboribala2@geocities.com,Back-end A,Dev,5/7/2017,FALSE
375,Amity,Paulmann,apaulmannae@rambler.ru,CRUD B,Dev,3/30/2022,FALSE
377,Pieter,Kovelmann,pkovelmannag@boston.com,Linux B,Dev,9/19/2011,FALSE
378,Sue,Downes,sdownesah@cbsnews.com,API B,Dev,7/4/2007,FALSE
379,Stephi,Erridge,serridgeai@ehow.com,API A,Dev,10/2/2010,FALSE
382,Josiah,Dallmann,jdallmannal@histats.com,Windows A,Dev,4/21/2014,FALSE
384,Mirelle,Fassbindler,mfassbindleran@live.com,API A,Dev,11/23/2008,TRUE
386,Di,Dowglass,ddowglassap@twitpic.com,Front-end A,Dev,10/14/2009,FALSE
391,Angie,Scoone,ascooneau@domainmarket.com,CRUD B,Dev,5/11/2015,FALSE
393,Willow,Eakin,weakinaw@unc.edu,Mobile B,Dev,2/14/2021,TRUE
399,Vivyan,Bradburn,vbradburnb2@guardian.co.uk,Back-end B,Dev,3/13/2007,FALSE
407,Gabriel,Brandli,gbrandliba@indiegogo.com,CRUD A,Dev,2/23/2015,FALSE
409,Pierce,Pfeifer,ppfeiferbc@springer.com,CRUD B,Dev,5/11/2009,FALSE
413,Cale,Bouller,cboullerbg@mayoclinic.com,Front-end A,Dev,6/30/2006,FALSE
415,Tallou,Enderwick,tenderwickbi@netvibes.com,Windows B,Dev,10/27/2011,TRUE
419,Emlynne,Sweed,esweedbm@baidu.com,Back-end B,Dev,7/12/2010,FALSE
423,Zorah,Perkins,zperkinsbq@artisteer.com,Linux B,Dev,7/30/2008,FALSE
424,Daren,Petruszka,dpetruszkabr@yahoo.co.jp,API A,Dev,3/23/2017,FALSE
425,Jasmin,Conechie,jconechiebs@columbia.edu,Front-end B,Dev,1/19/2021,FALSE
429,Pip,Morey,pmoreybw@symantec.com,Back-end A,Dev,5/26/2021,FALSE
431,Lyn,Lanfer,llanferby@tamu.edu,Windows B,Dev,7/29/2019,FALSE
432,Sande,Roberson,srobersonbz@redcross.org,Back-end A,Dev,10/26/2015,FALSE
433,Rafaelita,Whittlesea,rwhittleseac0@oaic.gov.au,Linux B,Dev,1/15/2006,FALSE
439,Tudor,Lorroway,tlorrowayc6@cdc.gov,API A,Dev,8/8/2009,FALSE
441,Doralynne,Widdison,dwiddisonc8@foxnews.com,API A,Dev,7/14/2014,FALSE
442,Rafa,Dowsett,rdowsettc9@skype.com,API A,Dev,12/26/2012,FALSE
443,Amelie,Colbertson,acolbertsonca@hc360.com,Windows B,Dev,3/3/2014,FALSE
450,Dominick,Carde,dcardech@comsenz.com,Front-end A,Dev,8/21/2020,FALSE
452,Ede,Tomasini,etomasinicj@list-manage.com,Windows A,Dev,11/10/2015,FALSE
455,Thayne,Tilly,ttillycm@arizona.edu,CRUD B,Dev,9/12/2008,FALSE
458,Edyth,Rothery,erotherycp@oakley.com,CRUD B,Dev,5/26/2011,FALSE
459,Loraine,Kittredge,lkittredgecq@businesswire.com,Mobile A,Dev,7/10/2011,FALSE
460,Babbie,Banton,bbantoncr@cdbaby.com,Windows B,Dev,1/12/2021,FALSE
461,Frannie,Gallico,fgallicocs@e-recht24.de,Back-end B,Dev,11/11/2021,FALSE
462,Damian,McNeill,dmcneillct@yelp.com,Linux A,Dev,7/21/2008,FALSE
465,Rosemary,Grigore,rgrigorecw@europa.eu,CRUD A,Dev,5/23/2014,FALSE
466,Alana,Kinforth,akinforthcx@angelfire.com,CRUD A,Dev,8/6/2018,FALSE
467,Coreen,Heinz,cheinzcy@msn.com,CRUD A,Dev,2/12/2009,FALSE
468,Care,Chrichton,cchrichtoncz@w3.org,Mobile B,Dev,4/9/2019,FALSE
470,Blakeley,Thwaites,bthwaitesd1@cpanel.net,Front-end A,Dev,7/16/2008,FALSE
471,Rheta,Byass,rbyassd2@examiner.com,API A,Dev,3/17/2010,FALSE
473,Hayley,Ducarel,hducareld4@exblog.jp,API B,Dev,12/9/2009,FALSE
474,Elga,Merrilees,emerrileesd5@xrea.com,Mobile A,Dev,9/7/2013,TRUE
480,Nancee,Rigardeau,nrigardeaudb@msn.com,Mobile A,Dev,2/14/2019,TRUE
484,Wells,Vieyra,wvieyradf@umn.edu,Back-end B,Dev,11/7/2017,FALSE
488,Cleopatra,Kelleway,ckellewaydj@alibaba.com,Front-end A,Dev,4/7/2007,FALSE
489,Sky,Yankeev,syankeevdk@nymag.com,CRUD B,Dev,7/28/2013,FALSE
492,Dalenna,Mannin,dmannindn@wsj.com,Back-end A,Dev,8/18/2014,FALSE
494,Dorree,Pitchers,dpitchersdp@house.gov,Mobile B,Dev,7/27/2015,FALSE
495,Kylynn,Cuckson,kcucksondq@yolasite.com,CRUD A,Dev,2/15/2010,TRUE
500,Pansie,Larrosa,plarrosadv@livejournal.com,Mobile A,Dev,5/13/2021,FALSE
2,Bo,Scripture,bscripture1@addthis.com,Peru,Sales,2/9/2022,FALSE
4,Mattias,Allberry,mallberry3@bbc.co.uk,UK,Sales,6/14/2021,FALSE
8,Baxter,Daniells,bdaniells7@sun.com,Panama,Sales,5/31/2006,FALSE
14,Egon,Dewfall,edewfalld@canalblog.com,Costa Rica,Sales,6/13/2013,FALSE
15,Coriss,Woolf,cwoolfe@jiathis.com,Australia,Sales,10/24/2010,FALSE
16,Constancia,Kenny,ckennyf@blinklist.com,Chile,Sales,10/6/2020,FALSE
17,Ketti,Dunnett,kdunnettg@google.ru,Canada,Sales,6/21/2019,FALSE
19,Dulcie,Nugent,dnugenti@liveinternet.ru,Mexico,Sales,1/19/2016,FALSE
26,Fredric,Skae,fskaep@github.com,Brazil,Sales,3/5/2017,FALSE
27,Petrina,Neubigin,pneubiginq@who.int,Chile,Sales,4/23/2006,FALSE
29,Johan,Donkersley,jdonkersleys@zimbio.com,Portugal,Sales,3/25/2007,FALSE
30,Farley,Geyton,fgeytont@linkedin.com,Colombia,Sales,9/8/2021,FALSE
31,Blair,Mayes,bmayesu@prweb.com,Canada,Sales,6/24/2016,FALSE
36,Ruthie,Echelle,rechellez@cornell.edu,Chile,Sales,12/26/2017,FALSE
37,Lexie,Thomke,lthomke10@uol.com.br,Australia,Sales,6/27/2008,FALSE
43,Kelly,Legge,klegge16@linkedin.com,UK,Sales,3/7/2006,FALSE
45,Elnore,Lodevick,elodevick18@pbs.org,USA,Sales,8/19/2007,FALSE
46,Pat,Marshland,pmarshland19@opera.com,Chile,Sales,10/12/2012,FALSE
49,Gayler,Rousel,grousel1c@admin.ch,Colombia,Sales,2/10/2016,FALSE
50,Shanta,Ashenhurst,sashenhurst1d@multiply.com,Australia,Sales,5/27/2018,FALSE
51,Kaila,Luce,kluce1e@dyndns.org,Brazil,Sales,3/31/2014,FALSE
52,Jasper,Arnefield,jarnefield1f@bbb.org,Canada,Sales,8/1/2021,FALSE
53,Tabbi,Carrett,tcarrett1g@unc.edu,Portugal,Sales,3/16/2006,FALSE
54,Pincus,Ilyenko,pilyenko1h@nih.gov,UK,Sales,8/28/2013,TRUE
58,Waiter,Iacabucci,wiacabucci1l@reverbnation.com,Panama,Sales,7/13/2021,FALSE
59,Kerwin,Ferrarini,kferrarini1m@surveymonkey.com,Canada,Sales,12/15/2021,FALSE
60,Uri,Letchford,uletchford1n@slate.com,Costa Rica,Sales,8/23/2011,FALSE
61,Towney,Lethabridge,tlethabridge1o@soup.io,Argentina,Sales,3/14/2012,FALSE
63,Alex,Keddle,akeddle1q@usatoday.com,UK,Sales,11/23/2007,FALSE
64,Jeane,Kief,jkief1r@amazon.de,Canada,Sales,8/17/2019,FALSE
68,Dian,Beaty,dbeaty1v@ezinearticles.com,Peru,Sales,5/15/2011,FALSE
69,Milli,Bonnin,mbonnin1w@goodreads.com,Costa Rica,Sales,3/12/2011,FALSE
71,Nora,Playfair,nplayfair1y@tumblr.com,Costa Rica,Sales,7/12/2019,FALSE
76,Bronson,Elsmor,belsmor23@goo.ne.jp,Colombia,Sales,5/5/2017,FALSE
77,Marinna,Lumby,mlumby24@aboutads.info,Costa Rica,Sales,7/15/2018,FALSE
79,Silvie,McGuinness,smcguinness26@rakuten.co.jp,Argentina,Sales,7/18/2017,FALSE
81,Mei,Samsworth,msamsworth28@instagram.com,Canada,Sales,3/7/2016,FALSE
83,Atalanta,Drewitt,adrewitt2a@seesaa.net,Argentina,Sales,2/27/2020,FALSE
87,Burlie,Georgiev,bgeorgiev2e@chicagotribune.com,Australia,Sales,2/17/2018,TRUE
90,Caleb,Gergus,cgergus2h@dagondesign.com,Costa Rica,Sales,7/17/2019,FALSE
91,Kelly,Whipple,kwhipple2i@home.pl,Mexico,Sales,11/9/2020,FALSE
94,Antons,Loiterton,aloiterton2l@pagesperso-orange.fr,Panama,Sales,6/15/2015,FALSE
101,Rochester,Parbrook,rparbrook2s@yellowpages.com,Portugal,Sales,2/16/2009,TRUE
102,Annetta,Boram,aboram2t@twitpic.com,USA,Sales,5/25/2011,FALSE
103,Galen,Durante,gdurante2u@edublogs.org,Argentina,Sales,12/1/2011,FALSE
104,Eustacia,Haxbie,ehaxbie2v@phpbb.com,UK,Sales,3/1/2014,FALSE
105,Bronson,Janicek,bjanicek2w@amazon.com,Argentina,Sales,7/8/2013,FALSE
111,Fredelia,Sivewright,fsivewright32@theglobeandmail.com,Chile,Sales,11/11/2018,FALSE
113,Casie,Desaur,cdesaur34@jimdo.com,Chile,Sales,7/23/2007,FALSE
114,Josepha,Windress,jwindress35@businesswire.com,Brazil,Sales,11/2/2019,FALSE
116,Rickie,Iacovone,riacovone37@upenn.edu,Peru,Sales,7/3/2012,FALSE
117,Harriett,Schollar,hschollar38@google.nl,Chile,Sales,12/9/2010,FALSE
118,Alvira,Paoletti,apaoletti39@bloglines.com,Chile,Sales,1/6/2014,FALSE
119,Itch,Dy,idy3a@homestead.com,Colombia,Sales,3/2/2016,FALSE
120,Prent,Conrard,pconrard3b@posterous.com,USA,Sales,3/9/2017,FALSE
122,Gabi,Danhel,gdanhel3d@4shared.com,Costa Rica,Sales,5/30/2018,FALSE
123,Caty,Lesslie,clesslie3e@aol.com,Brazil,Sales,11/3/2020,FALSE
124,Minne,Passby,mpassby3f@princeton.edu,Panama,Sales,6/24/2020,FALSE
126,Lavinie,Levane,llevane3h@so-net.ne.jp,Panama,Sales,1/10/2019,TRUE
130,Dulci,Beel,dbeel3l@reuters.com,Mexico,Sales,5/8/2006,FALSE
133,Vere,Parke,vparke3o@ocn.ne.jp,Costa Rica,Sales,1/7/2020,FALSE
135,Hernando,Hallows,hhallows3q@cpanel.net,Chile,Sales,12/5/2006,FALSE
136,Niccolo,Caslane,ncaslane3r@whitehouse.gov,Australia,Sales,2/12/2012,FALSE
140,Calla,Still,cstill3v@amazonaws.com,UK,Sales,2/5/2018,TRUE
142,Costanza,Huggin,chuggin3x@scribd.com,Bolivia,Sales,8/8/2019,FALSE
143,Sauveur,Kenworth,skenworth3y@miibeian.gov.cn,Panama,Sales,9/3/2017,FALSE
144,Kassie,Vasiljevic,kvasiljevic3z@discuz.net,Bolivia,Sales,9/10/2008,FALSE
145,Carlin,Dollar,cdollar40@merriam-webster.com,Canada,Sales,4/30/2006,FALSE
147,Jana,De Wolfe,jdewolfe42@gmpg.org,Brazil,Sales,7/17/2011,FALSE
153,Frank,Shale,fshale48@meetup.com,Mexico,Sales,6/8/2012,FALSE
154,Sonnie,Bunyan,sbunyan49@sitemeter.com,Canada,Sales,9/27/2019,FALSE
156,Brigitta,Isaksson,bisaksson4b@jigsy.com,Brazil,Sales,12/16/2016,FALSE
157,Tallou,Arminger,tarminger4c@sogou.com,Costa Rica,Sales,6/12/2013,TRUE
159,Ian,Petken,ipetken4e@samsung.com,Colombia,Sales,4/13/2019,FALSE
160,Dulciana,Fitzsymon,dfitzsymon4f@archive.org,Australia,Sales,11/30/2008,FALSE
161,Noami,Whitford,nwhitford4g@stanford.edu,UK,Sales,1/3/2019,FALSE
162,Baillie,Meese,bmeese4h@cmu.edu,Mexico,Sales,1/15/2017,FALSE
163,Corny,Petel,cpetel4i@google.com.br,Panama,Sales,6/30/2015,FALSE
165,Marna,MacAindreis,mmacaindreis4k@ameblo.jp,Costa Rica,Sales,8/22/2007,FALSE
166,Tersina,Willarton,twillarton4l@spiegel.de,UK,Sales,4/16/2017,FALSE
169,Mikkel,McBayne,mmcbayne4o@globo.com,Australia,Sales,5/14/2010,FALSE
170,Ariana,Jancik,ajancik4p@prnewswire.com,Mexico,Sales,1/2/2020,FALSE
172,Erasmus,McDonogh,emcdonogh4r@networkadvertising.org,Australia,Sales,9/18/2015,TRUE
174,Linn,Frick,lfrick4t@google.pl,Mexico,Sales,4/16/2010,FALSE
175,Billy,Picott,bpicott4u@purevolume.com,Australia,Sales,6/6/2011,FALSE
176,Danya,Neachell,dneachell4v@phpbb.com,Colombia,Sales,10/9/2008,FALSE
178,Becka,Menhci,bmenhci4x@noaa.gov,Costa Rica,Sales,7/19/2016,FALSE
179,Teena,Henderson,thenderson4y@indiegogo.com,Chile,Sales,7/20/2012,FALSE
182,Cecilio,O'Neal,coneal51@google.nl,Bolivia,Sales,8/4/2007,FALSE
183,Kermy,O'Rudden,korudden52@msu.edu,UK,Sales,1/31/2018,FALSE
184,Nehemiah,Delcastel,ndelcastel53@timesonline.co.uk,Portugal,Sales,2/4/2012,FALSE
186,Lancelot,Aseef,laseef55@harvard.edu,Costa Rica,Sales,3/18/2006,FALSE
188,Casper,Trobey,ctrobey57@discovery.com,Brazil,Sales,1/8/2014,FALSE
191,Legra,Addekin,laddekin5a@zimbio.com,Argentina,Sales,3/9/2016,FALSE
194,Germain,Steinor,gsteinor5d@storify.com,Australia,Sales,11/19/2010,FALSE
196,Vincent,Paradis,vparadis5f@nytimes.com,Argentina,Sales,9/4/2018,TRUE
200,Caleb,Brunelleschi,cbrunelleschi5j@angelfire.com,Argentina,Sales,3/6/2011,FALSE
201,Palm,Denholm,pdenholm5k@networkadvertising.org,Brazil,Sales,8/31/2007,FALSE
203,Shanna,Conner,sconner5m@businesswire.com,Brazil,Sales,10/12/2006,FALSE
207,Gaelan,Annes,gannes5q@mashable.com,Colombia,Sales,5/3/2007,FALSE
209,Almeria,Vivian,avivian5s@w3.org,Portugal,Sales,1/20/2014,FALSE
211,Ignatius,Cush,icush5u@oracle.com,Peru,Sales,6/16/2011,FALSE
212,Wynn,Feechan,wfeechan5v@netscape.com,Chile,Sales,9/26/2014,FALSE
213,Chucho,Nicholes,cnicholes5w@pagesperso-orange.fr,Costa Rica,Sales,2/16/2008,FALSE
214,Gard,Cuzen,gcuzen5x@ox.ac.uk,UK,Sales,2/28/2015,FALSE
215,Melamie,Garrett,mgarrett5y@engadget.com,Argentina,Sales,8/25/2011,FALSE
216,Tracy,Bertolin,tbertolin5z@reuters.com,UK,Sales,5/11/2008,FALSE
219,Ailbert,De Fraine,adefraine62@newsvine.com,Argentina,Sales,11/30/2021,FALSE
223,Sophie,Juarez,sjuarez66@edublogs.org,Australia,Sales,9/11/2009,FALSE
225,Cass,Hache,chache68@businessweek.com,USA,Sales,3/14/2014,FALSE
226,Connor,Stenton,cstenton69@nsw.gov.au,Portugal,Sales,12/28/2021,FALSE
227,Sosanna,Flaunier,sflaunier6a@unesco.org,Mexico,Sales,4/10/2019,FALSE
229,Germayne,Romayne,gromayne6c@typepad.com,Brazil,Sales,11/1/2017,FALSE
230,Tammara,Fegan,tfegan6d@ca.gov,Portugal,Sales,3/7/2019,FALSE
231,Channa,Pochon,cpochon6e@liveinternet.ru,Panama,Sales,4/16/2012,FALSE
237,Venita,St Quenin,vstquenin6k@plala.or.jp,Brazil,Sales,5/26/2009,FALSE
239,Francis,Slaten,fslaten6m@sohu.com,USA,Sales,10/8/2011,FALSE
240,Yul,Callicott,ycallicott6n@nsw.gov.au,Argentina,Sales,1/21/2016,FALSE
243,Juliann,Grieves,jgrieves6q@github.com,Canada,Sales,11/15/2007,FALSE
244,Arie,Gaylord,agaylord6r@google.nl,Portugal,Sales,10/18/2010,FALSE
245,Jacinta,Moscone,jmoscone6s@illinois.edu,Mexico,Sales,8/7/2021,FALSE
246,Arley,Olfert,aolfert6t@vk.com,Costa Rica,Sales,6/6/2020,FALSE
252,Reagan,Balfour,rbalfour6z@live.com,Chile,Sales,12/23/2009,FALSE
258,Blayne,Jaher,bjaher75@stumbleupon.com,Bolivia,Sales,2/21/2018,FALSE
259,Corinne,Glidder,cglidder76@tumblr.com,Portugal,Sales,7/15/2017,FALSE
261,Stephana,Childrens,schildrens78@telegraph.co.uk,Chile,Sales,11/14/2009,FALSE
262,Rosanna,Channing,rchanning79@pinterest.com,Portugal,Sales,9/23/2007,FALSE
265,Paquito,Coldbreath,pcoldbreath7c@51.la,Panama,Sales,2/28/2020,FALSE
266,Liesa,Daunay,ldaunay7d@theguardian.com,Panama,Sales,6/16/2014,TRUE
270,Wes,Hill,whill7h@ed.gov,Colombia,Sales,8/30/2007,FALSE
271,Julina,Wolfendell,jwolfendell7i@apache.org,Chile,Sales,2/27/2019,FALSE
272,Brinn,Alden,balden7j@1und1.de,UK,Sales,6/2/2010,FALSE
273,Wade,Jedrzaszkiewicz,wjedrzaszkiewicz7k@woothemes.com,Mexico,Sales,11/3/2007,FALSE
274,Melitta,MacLaig,mmaclaig7l@yolasite.com,Mexico,Sales,2/19/2020,FALSE
276,Nada,Ygo,nygo7n@apple.com,UK,Sales,1/7/2020,FALSE
279,Rodolphe,Clancy,rclancy7q@amazon.de,Argentina,Sales,4/10/2009,TRUE
281,Dun,McCahey,dmccahey7s@huffingtonpost.com,Brazil,Sales,12/15/2016,FALSE
282,Giuditta,Spier,gspier7t@ftc.gov,Bolivia,Sales,8/17/2008,FALSE
283,Ruthy,Rutgers,rrutgers7u@blinklist.com,Bolivia,Sales,9/15/2017,TRUE
284,Melessa,Ship,mship7v@marriott.com,Brazil,Sales,1/11/2008,FALSE
285,Olenolin,Dulanty,odulanty7w@blogger.com,Portugal,Sales,9/20/2021,FALSE
286,Zandra,Perrie,zperrie7x@mediafire.com,Peru,Sales,11/12/2015,FALSE
287,Glennie,Braid,gbraid7y@illinois.edu,Brazil,Sales,7/12/2015,FALSE
288,Hedvig,Iaduccelli,hiaduccelli7z@army.mil,Mexico,Sales,5/16/2018,FALSE
289,Annadiana,Tomenson,atomenson80@macromedia.com,Mexico,Sales,1/16/2017,FALSE
293,Karyn,Popov,kpopov84@tripadvisor.com,Argentina,Sales,9/18/2012,FALSE
295,Marlon,Backler,mbackler86@about.com,Chile,Sales,4/15/2007,FALSE
296,Eddy,Staddom,estaddom87@sogou.com,Colombia,Sales,3/25/2020,FALSE
297,Kerr,Burnet,kburnet88@fc2.com,Panama,Sales,5/24/2019,FALSE
300,Matthus,Mousley,mmousley8b@howstuffworks.com,Brazil,Sales,8/13/2014,FALSE
303,Ardys,Cristofolo,acristofolo8e@seesaa.net,Mexico,Sales,11/17/2011,FALSE
304,Billye,Althorp,balthorp8f@cargocollective.com,Portugal,Sales,6/12/2017,FALSE
308,Chrysa,Troyes,ctroyes8j@unblog.fr,UK,Sales,12/3/2015,FALSE
309,Terrence,Drawmer,tdrawmer8k@psu.edu,Portugal,Sales,6/5/2018,TRUE
312,Corenda,Gabbitas,cgabbitas8n@washington.edu,Bolivia,Sales,1/26/2007,FALSE
313,Lori,Harvett,lharvett8o@tumblr.com,Canada,Sales,5/5/2012,FALSE
314,Rafaela,Suggett,rsuggett8p@g.co,Mexico,Sales,7/17/2010,FALSE
315,Rich,Lazell,rlazell8q@homestead.com,Peru,Sales,8/17/2006,FALSE
321,Beverlee,Nazaret,bnazaret8w@shinystat.com,Colombia,Sales,4/10/2016,TRUE
327,Elinore,Sydry,esydry92@census.gov,Chile,Sales,8/25/2021,FALSE
328,Ilise,Mahaffey,imahaffey93@deviantart.com,Peru,Sales,12/7/2018,FALSE
331,Jobi,Defont,jdefont96@privacy.gov.au,Bolivia,Sales,7/18/2013,FALSE
332,Austine,Ivimey,aivimey97@springer.com,Bolivia,Sales,11/14/2019,FALSE
333,Dalenna,Eickhoff,deickhoff98@economist.com,Brazil,Sales,12/4/2018,FALSE
337,Ophelie,Coxhell,ocoxhell9c@fc2.com,Costa Rica,Sales,4/16/2015,FALSE
341,Cassondra,Petrik,cpetrik9g@bbc.co.uk,Peru,Sales,11/12/2018,FALSE
342,Hersh,Crimpe,hcrimpe9h@japanpost.jp,Bolivia,Sales,10/28/2012,FALSE
343,Ellerey,Rollins,erollins9i@aboutads.info,Panama,Sales,8/4/2007,FALSE
348,Pierson,Thurstan,pthurstan9n@1und1.de,UK,Sales,4/10/2016,FALSE
351,Rudd,Weetch,rweetch9q@facebook.com,Costa Rica,Sales,12/2/2015,FALSE
354,Giffy,Yabsley,gyabsley9t@cyberchimps.com,Bolivia,Sales,2/18/2009,FALSE
355,Lorene,Kapiloff,lkapiloff9u@hao123.com,USA,Sales,11/29/2009,FALSE
356,Glenn,Androletti,gandroletti9v@multiply.com,Canada,Sales,7/17/2015,FALSE
358,Celestine,Studders,cstudders9x@amazon.co.uk,Brazil,Sales,8/26/2012,FALSE
362,Ortensia,Cerith,oceritha1@51.la,Brazil,Sales,11/7/2018,FALSE
364,Hurleigh,Willmer,hwillmera3@fotki.com,USA,Sales,6/12/2009,FALSE
367,Zacherie,Pods,zpodsa6@timesonline.co.uk,Panama,Sales,1/7/2011,FALSE
368,Rogerio,Chatto,rchattoa7@tinyurl.com,Australia,Sales,11/26/2011,FALSE
369,Odell,Sitlington,ositlingtona8@lulu.com,Chile,Sales,10/10/2006,TRUE
371,Creighton,Dable,cdableaa@phpbb.com,Australia,Sales,4/26/2016,FALSE
373,Miof mela,Gething,mgethingac@i2i.jp,Portugal,Sales,8/30/2017,FALSE
376,Eli,Booth,eboothaf@sina.com.cn,Argentina,Sales,5/26/2012,FALSE
381,Serena,Cisson,scissonak@is.gd,Australia,Sales,3/11/2008,FALSE
385,Darnall,Prevost,dprevostao@jimdo.com,Peru,Sales,10/15/2012,FALSE
387,Kandy,Winsome,kwinsomeaq@ovh.net,Bolivia,Sales,7/30/2008,FALSE
388,Norby,Abramovici,nabramoviciar@usnews.com,Mexico,Sales,3/27/2020,FALSE
390,Ferd,Bullard,fbullardat@theglobeandmail.com,Peru,Sales,7/29/2010,FALSE
392,Cristen,Gowanson,cgowansonav@symantec.com,Panama,Sales,10/27/2021,FALSE
395,Thebault,Dwine,tdwineay@blogger.com,Costa Rica,Sales,4/12/2017,FALSE
396,Rance,Pymar,rpymaraz@ucla.edu,Colombia,Sales,3/11/2019,TRUE
397,Charles,Kenneway,ckennewayb0@technorati.com,Canada,Sales,11/25/2019,FALSE
398,Dorothea,Stean,dsteanb1@nyu.edu,Mexico,Sales,10/24/2015,FALSE
400,Jenna,Grishagin,jgrishaginb3@cafepress.com,Australia,Sales,3/7/2006,FALSE
401,Susana,Steptow,ssteptowb4@xrea.com,Costa Rica,Sales,8/2/2008,FALSE
402,Fremont,Hallowes,fhallowesb5@umich.edu,Canada,Sales,3/26/2019,FALSE
403,Willa,Bottinelli,wbottinellib6@shop-pro.jp,Bolivia,Sales,10/15/2006,FALSE
404,Irma,Ionnisian,iionnisianb7@liveinternet.ru,Peru,Sales,2/22/2020,FALSE
406,Zaccaria,Preene,zpreeneb9@bluehost.com,Canada,Sales,8/1/2019,TRUE
408,Trent,Rapley,trapleybb@ihg.com,Peru,Sales,12/14/2009,FALSE
410,Florette,Forre,fforrebd@wikispaces.com,Australia,Sales,3/20/2010,FALSE
412,Deva,Comsty,dcomstybf@altervista.org,Colombia,Sales,12/13/2017,FALSE
416,Judas,Lentsch,jlentschbj@comsenz.com,Panama,Sales,7/25/2019,FALSE
417,Frasco,Heeps,fheepsbk@macromedia.com,Colombia,Sales,7/22/2020,FALSE
420,Meyer,Endrighi,mendrighibn@gmpg.org,Peru,Sales,9/3/2011,FALSE
422,Trish,Drescher,tdrescherbp@theatlantic.com,Brazil,Sales,3/26/2007,FALSE
426,Tull,Guillart,tguillartbt@bravesites.com,USA,Sales,12/14/2014,FALSE
427,Adrea,Woodroffe,awoodroffebu@vistaprint.com,Chile,Sales,7/1/2006,FALSE
428,Aliza,Sabine,asabinebv@a8.net,UK,Sales,11/26/2021,TRUE
430,Dorise,Mitchiner,dmitchinerbx@abc.net.au,Mexico,Sales,6/9/2008,FALSE
434,Toby,Summerlie,tsummerliec1@nytimes.com,Bolivia,Sales,2/2/2019,FALSE
435,Alicia,Castiblanco,acastiblancoc2@mail.ru,Peru,Sales,4/22/2009,FALSE
436,Nero,Pane,npanec3@yahoo.com,Bolivia,Sales,2/1/2011,FALSE
437,Philly,Kirlin,pkirlinc4@sogou.com,Bolivia,Sales,6/14/2006,TRUE
438,Brnaba,Nellis,bnellisc5@cnet.com,Argentina,Sales,7/16/2007,FALSE
440,Teddie,Gilder,tgilderc7@ucoz.ru,Bolivia,Sales,12/10/2011,FALSE
444,Lexie,Wahner,lwahnercb@mozilla.org,Mexico,Sales,11/29/2016,FALSE
445,Kiri,Synder,ksyndercc@businesswire.com,Bolivia,Sales,11/22/2020,FALSE
447,Bennett,Hacking,bhackingce@alibaba.com,Bolivia,Sales,4/27/2007,FALSE
451,Ami,Reston,arestonci@microsoft.com,Panama,Sales,6/15/2009,FALSE
453,Solomon,Vogl,svoglck@europa.eu,Argentina,Sales,9/25/2017,FALSE
456,Sarina,Gilberthorpe,sgilberthorpecn@addthis.com,Costa Rica,Sales,1/25/2009,FALSE
463,Zoe,Jiggins,zjigginscu@slideshare.net,USA,Sales,12/13/2017,FALSE
464,Quinton,Cunniff,qcunniffcv@bizjournals.com,Portugal,Sales,1/13/2013,FALSE
472,Viola,Hazlewood,vhazlewoodd3@ow.ly,Panama,Sales,9/10/2012,TRUE
475,Sigmund,Delue,sdelued6@apache.org,Colombia,Sales,2/22/2022,FALSE
476,Rahel,Staley,rstaleyd7@seattletimes.com,Portugal,Sales,1/10/2018,TRUE
477,Whitby,Lanfere,wlanfered8@storify.com,Brazil,Sales,4/20/2014,FALSE
478,Viviene,Gamlyn,vgamlynd9@photobucket.com,Chile,Sales,7/23/2021,FALSE
479,Derick,Itzcak,ditzcakda@ftc.gov,Chile,Sales,9/27/2009,FALSE
481,Marietta,Horribine,mhorribinedc@answers.com,Bolivia,Sales,2/10/2022,FALSE
482,Rodd,Siene,rsienedd@bloglovin.com,Peru,Sales,11/11/2013,FALSE
485,Holly,Fearick,hfearickdg@mtv.com,Brazil,Sales,5/4/2020,FALSE
486,Sonni,Sebrens,ssebrensdh@vk.com,Brazil,Sales,1/16/2016,FALSE
490,Dan,Croysdale,dcroysdaledl@jiathis.com,Colombia,Sales,8/29/2013,FALSE
491,Caesar,Burles,cburlesdm@businessinsider.com,Bolivia,Sales,10/19/2006,FALSE
493,Aarika,Bertelet,aberteletdo@mtv.com,Portugal,Sales,4/23/2022,FALSE
497,Page,Happer,phapperds@is.gd,Bolivia,Sales,7/25/2007,FALSE
498,Cathryn,Dietz,cdietzdt@yale.edu,Bolivia,Sales,10/18/2018,FALSE
499,Garrek,Sinfield,gsinfielddu@so-net.ne.jp,Australia,Sales,1/25/2019,FALSE
